{"cameraMode":{"drawMode":0,"name":"Shaded","section":"Shading Mode"},"sceneLighting":true,"audioPlay":false,"sceneViewState":{"m_AlwaysRefresh":false,"showFog":true,"showSkybox":true,"showFlares":true,"showImageEffects":true,"showParticleSystems":true,"showVisualEffectGraphs":true,"m_FxEnabled":true},"in2DMode":false,"pivot":{"x":-3.1160073280334474,"y":0.5747560858726502,"z":3.9500482082366945},"rotation":{"x":0.043697528541088107,"y":0.6405742168426514,"z":-0.03655192255973816,"w":0.7657813429832459},"size":12.691339492797852,"orthographic":false}